{
  "accuracy": [
    0.1608421378536321,
    0.16293200201246177,
    0.16506056735941793,
    0.1719106776578041,
    0.17067223963775688,
    0.17752234993614305,
    0.1927319168698479,
    0.2271372731142846,
    0.2852277564921243,
    0.3226905065985526,
    0.35206470838654746,
    0.3720345214598088,
    0.3881729169085491,
    0.40291806958473625,
    0.40860714423932815,
    0.4272998181044158,
    0.4324083749371106,
    0.4383296567204613,
    0.44599249196950347,
    0.4560160996942606,
    0.45690622702116956,
    0.4624017957351291,
    0.4729672200936569,
    0.4751344866287395,
    0.4855451062347614,
    0.4887960060373853,
    0.4929757343550447,
    0.49669104841518635,
    0.5047408955454933,
    0.5079917953481172,
    0.5094624404969232,
    0.5149193080227563,
    0.5236657765393398,
    0.5250590193118929,
    0.5300127713920817,
    0.5308254963427377,
    0.5345021092147529,
    0.5378691125817563,
    0.5394558612949417,
    0.5442935098107512,
    0.5417779325825303,
    0.545415844266419,
    0.5516467355547815,
    0.5482410309996517,
    0.5550911412980378,
    0.5630248848639653,
    0.5652695537753009,
    0.5598513874375943,
    0.56747552149851,
    0.5703781106079957,
    0.5663144858547158,
    0.5706103177367545,
    0.5712682379349046,
    0.5759510816982082,
    0.5769573125894965,
    0.5824915824915825,
    0.5836526181353767,
    0.587097023878633,
    0.5851619644723093,
    0.5889546809087038
  ],
  "val_accuracy": [
    0.16829268292682928,
    0.15749128919860628,
    0.18571428571428572,
    0.17700348432055749,
    0.17177700348432057,
    0.1989547038327526,
    0.18989547038327526,
    0.32229965156794427,
    0.3529616724738676,
    0.34041811846689896,
    0.3926829268292683,
    0.44006968641114985,
    0.4132404181184669,
    0.4466898954703833,
    0.4564459930313589,
    0.4445993031358885,
    0.48501742160278744,
    0.4881533101045296,
    0.4993031358885017,
    0.4944250871080139,
    0.5317073170731708,
    0.5348432055749129,
    0.518815331010453,
    0.5456445993031359,
    0.5449477351916376,
    0.5337979094076655,
    0.5484320557491289,
    0.5557491289198606,
    0.5641114982578397,
    0.551219512195122,
    0.5581881533101045,
    0.5616724738675958,
    0.5658536585365853,
    0.573170731707317,
    0.5763066202090592,
    0.573170731707317,
    0.5829268292682926,
    0.5780487804878048,
    0.5874564459930314,
    0.5878048780487805,
    0.5818815331010453,
    0.5968641114982578,
    0.5996515679442509,
    0.6024390243902439,
    0.6024390243902439,
    0.5947735191637631,
    0.6010452961672473,
    0.6045296167247387,
    0.6003484320557492,
    0.6209059233449478,
    0.6240418118466899,
    0.6205574912891986,
    0.624390243902439,
    0.6233449477351917,
    0.6268292682926829,
    0.616376306620209,
    0.613588850174216,
    0.6146341463414634,
    0.632404181184669,
    0.6414634146341464
  ],
  "loss": [
    1.9761039080544704,
    1.9267825617030465,
    1.9193677693043725,
    1.9151229108236647,
    1.9134482118643181,
    1.9094934424332013,
    1.8997693484890337,
    1.8697197401070078,
    1.8274100361660568,
    1.7616542363998169,
    1.6890341761108614,
    1.6401392839065558,
    1.6006121622934315,
    1.572357194596868,
    1.542093132979693,
    1.5202123807806123,
    1.4884380235581203,
    1.4761980085615782,
    1.455664253953653,
    1.4405084084539923,
    1.4331278840548538,
    1.4148601316677685,
    1.3962425056443717,
    1.3849417151365446,
    1.3677555912303787,
    1.3589526759871822,
    1.3532355363498445,
    1.3360994992239001,
    1.3249833260607096,
    1.3180860830786298,
    1.29724418098304,
    1.2902726189280687,
    1.2730868791730197,
    1.2716755547055316,
    1.2503295232417473,
    1.245787117068689,
    1.2356097289359653,
    1.235069537228293,
    1.222793605458723,
    1.2059834274263352,
    1.2247714214734817,
    1.2022358598094214,
    1.1872783028870444,
    1.1924714269530658,
    1.1718466260714715,
    1.1610505969639076,
    1.1577801636587683,
    1.1620936814400473,
    1.1461748685384296,
    1.1327789173789093,
    1.1428333124032473,
    1.1220899708887673,
    1.1277027896851355,
    1.110498737182091,
    1.113338733034065,
    1.1018338230650069,
    1.1006942827375206,
    1.0792349792725393,
    1.0903773932589103,
    1.0695544311914371
  ],
  "val_loss": [
    1.894085219263615,
    1.886572979634647,
    1.8955425442718878,
    1.898711093792932,
    1.9017331844422876,
    1.8781567350912594,
    1.913863064021599,
    1.830592818791858,
    1.766519411515691,
    1.6453836944460454,
    1.598558775556212,
    1.5836140712379163,
    1.4625964947278491,
    1.418763508115496,
    1.4087574721213416,
    1.4030200419110288,
    1.3639047311988857,
    1.359142303217579,
    1.3286385828609666,
    1.319007585439117,
    1.3074762562841489,
    1.2421696331442855,
    1.2800221613475256,
    1.2397180655276734,
    1.237539257072821,
    1.2490141533808425,
    1.214671841398764,
    1.2552670004475823,
    1.215867897691627,
    1.1640750610869937,
    1.1514548069924013,
    1.1539366462920186,
    1.1218160598535571,
    1.1474214116040007,
    1.135780258461158,
    1.11546107177535,
    1.0980593615708036,
    1.1337738813838891,
    1.0655426386756763,
    1.0815789781796392,
    1.1001225759758766,
    1.0470971824400102,
    1.075326619663305,
    1.0863861708690896,
    1.0550435860397924,
    1.0695146992646858,
    1.0498371184079904,
    1.0960603904225685,
    1.0299307111248321,
    1.0473290411022067,
    1.0794640464234435,
    1.04837449020625,
    1.0343722146562584,
    1.0356817227207409,
    1.0181417362615206,
    1.017614779904329,
    1.013024899270061,
    1.048668191906467,
    1.0448277727652096,
    1.0178521806770084
  ],
  "test_accuracy": 0.636110337141265,
  "test_loss": 0.9671939987181687,
  "epochs_trained": 60,
  "best_val_accuracy": 0.6414634146341464,
  "training_time_minutes": 42.0
}