{
  "accuracy": [
    0.07066836951894423,
    0.06586942219126127,
    0.0639343627849375,
    0.06908162080575873,
    0.08595533882890205,
    0.10905994814040791,
    0.18286311389759666,
    0.256472773714153,
    0.2806610162932002,
    0.307829250357986,
    0.318085065211502,
    0.322806610162932,
    0.34060915670111075,
    0.3518325012577886,
    0.36456519215139904,
    0.3555865165060567,
    0.32474166956925576,
    0.3330237238283215,
    0.34765277294012925,
    0.3630558458144665,
    0.3443244707612524,
    0.3791942412632068,
    0.39262355354309375,
    0.3979643175045474,
    0.38507682185843106,
    0.4163086806764968,
    0.40121521730717136,
    0.39107550601803476,
    0.440419520879291,
    0.415921668795232,
    0.45810596385309027,
    0.40972947869499593,
    0.442780293355006,
    0.4566353187042842,
    0.4644142575177058,
    0.44219977553310885,
    0.4507140369209335,
    0.4574867448430667,
    0.4628275088045203,
    0.47563760207438366,
    0.47486357831185416,
    0.45261039513913076,
    0.4706838499941948,
    0.4602345292000464,
    0.4719609892023685,
    0.47366384147993346,
    0.45694492820929605,
    0.45245559038662486,
    0.4683230775184798,
    0.4596540113781493,
    0.444405743256318,
    0.4505205309803011,
    0.47428306048995705,
    0.4486241727621038,
    0.47908200781764,
    0.4713804713804714,
    0.4665428228646619,
    0.4662719145477766,
    0.47029683811293005,
    0.47629552227253374,
    0.484616277719726,
    0.5044699872286079,
    0.49258872247377994,
    0.49734896861333644,
    0.5069081620805759,
    0.48488718603661135,
    0.504315182476102,
    0.4949881961376214,
    0.5047021943573667,
    0.5186733232710244,
    0.5412748171368861,
    0.5022253183172724,
    0.5210727969348659,
    0.49792948643523355,
    0.5602383993188591,
    0.5109330856457294,
    0.5203761755485894,
    0.5234722705987074,
    0.5031541468323077,
    0.5021092147528929,
    0.5389914470374241,
    0.5259491466388018,
    0.543712991988854,
    0.5439064979294864,
    0.5416231278300244,
    0.520840589806107,
    0.5228530515886838,
    0.5394945624830683,
    0.5175896900034831,
    0.5492859630790665,
    0.5339989937691088,
    0.5357018460466736,
    0.5591160648631913,
    0.554704129416773,
    0.5492859630790665,
    0.5565230852587174,
    0.5760671852625876,
    0.5365919733735826,
    0.5468477882270986,
    0.5559425674368204
  ],
  "val_accuracy": [
    0.05749128919860627,
    0.11986062717770035,
    0.08466898954703833,
    0.04494773519163763,
    0.10871080139372823,
    0.17282229965156795,
    0.32369337979094076,
    0.3554006968641115,
    0.3627177700348432,
    0.4069686411149826,
    0.4219512195121951,
    0.41672473867595816,
    0.44703832752613243,
    0.432404181184669,
    0.4560975609756098,
    0.4529616724738676,
    0.3916376306620209,
    0.4097560975609756,
    0.4236933797909408,
    0.4672473867595819,
    0.4714285714285714,
    0.4672473867595819,
    0.5034843205574913,
    0.4881533101045296,
    0.5222996515679442,
    0.5184668989547039,
    0.5226480836236934,
    0.532404181184669,
    0.5411149825783972,
    0.5428571428571428,
    0.5484320557491289,
    0.570034843205575,
    0.570383275261324,
    0.5756097560975609,
    0.5881533101045296,
    0.5808362369337979,
    0.5930313588850175,
    0.5888501742160279,
    0.5944250871080139,
    0.6020905923344948,
    0.6006968641114983,
    0.6027874564459931,
    0.6024390243902439,
    0.6048780487804878,
    0.6048780487804878,
    0.605226480836237,
    0.5808362369337979,
    0.578397212543554,
    0.5790940766550523,
    0.5724738675958189,
    0.570383275261324,
    0.5885017421602787,
    0.5808362369337979,
    0.5895470383275261,
    0.5947735191637631,
    0.5951219512195122,
    0.5895470383275261,
    0.6087108013937282,
    0.6101045296167248,
    0.6139372822299651,
    0.6125435540069687,
    0.6205574912891986,
    0.6118466898954704,
    0.613588850174216,
    0.6198606271777003,
    0.6240418118466899,
    0.6296167247386759,
    0.6275261324041812,
    0.627177700348432,
    0.635191637630662,
    0.6261324041811847,
    0.6299651567944251,
    0.6313588850174217,
    0.6327526132404181,
    0.6383275261324042,
    0.6449477351916376,
    0.6428571428571429,
    0.6407665505226481,
    0.6505226480836237,
    0.6498257839721254,
    0.6533101045296167,
    0.6585365853658537,
    0.6519163763066202,
    0.6588850174216028,
    0.6655052264808362,
    0.6637630662020906,
    0.6616724738675959,
    0.6560975609756098,
    0.6627177700348432,
    0.6567944250871081,
    0.6641114982578398,
    0.6655052264808362,
    0.659581881533101,
    0.6634146341463415,
    0.6679442508710801,
    0.662369337979094,
    0.6662020905923345,
    0.6665505226480837,
    0.6668989547038328,
    0.6672473867595818
  ],
  "loss": [
    2.140618650678594,
    2.109955466565455,
    2.1020401246343137,
    2.090237457176735,
    2.078093493370925,
    2.0534396446352337,
    2.0006144748503054,
    1.9444789736442252,
    1.92033452713442,
    1.8877065261408033,
    1.8837735360240535,
    1.8643752054061087,
    1.8404187452839718,
    1.8366983170442719,
    1.8201289071290825,
    1.802980888932061,
    1.868624198371686,
    1.8532229161972076,
    1.832162143114786,
    1.8240806941134609,
    1.8073834986402328,
    1.8001342315165232,
    1.7825993427325477,
    1.7707548463273988,
    1.761957186027514,
    1.757995362694988,
    1.7441959092480381,
    1.7283246144591813,
    1.7122766579852355,
    1.7190287159186703,
    1.679818348815564,
    1.6875472603772852,
    1.6705200722437257,
    1.6558227146311744,
    1.647331717776562,
    1.6477340364369442,
    1.6572684475759119,
    1.6229684976025758,
    1.6226686451880665,
    1.6239041443824067,
    1.6249292035503116,
    1.6193172388934163,
    1.6143655049791183,
    1.6110437173556238,
    1.6100943967041998,
    1.594281648209167,
    1.663807745665246,
    1.6813614565344657,
    1.6827257858571487,
    1.6553945175435754,
    1.659438481977321,
    1.680203211146513,
    1.6452878216960085,
    1.6611043148224576,
    1.6178770604538306,
    1.629270807352084,
    1.6251109267237054,
    1.6144374237649604,
    1.6036216665372616,
    1.613184854883616,
    1.6152292182143893,
    1.578254362798576,
    1.6041310194628478,
    1.5694171586565024,
    1.574460042137042,
    1.5757029537095517,
    1.5619689515235,
    1.5599341833571623,
    1.568850589447187,
    1.5388715981357566,
    1.5457947287075458,
    1.5278754637629732,
    1.5218314322493727,
    1.529705298122706,
    1.4962191482396534,
    1.5025595439708042,
    1.4991080494569946,
    1.5001921604382669,
    1.5170685204795613,
    1.5115581056162726,
    1.4962339875609418,
    1.4819913256615418,
    1.468597748962468,
    1.4815504585766073,
    1.4951735735077982,
    1.4706616163798183,
    1.4788451636971103,
    1.4682432131075427,
    1.48266164876529,
    1.444582398325589,
    1.4636037987845938,
    1.448311938881122,
    1.4463213160752262,
    1.4458435997467827,
    1.4495383347052853,
    1.4451404080597063,
    1.4134056905856964,
    1.4443429306549131,
    1.4476313510266448,
    1.4268333155505681
  ],